codice;nome_completo;area;cognome;nome;email
118;VETTORATO ANDREA;NORD;Vettorato;Andrea;a.vettorato@monacelliitaly.it
119;CASTELLANI GIOVANNI;SUD;Castellani;Giovanni;g.castellani@monacelliitaly.it
120;FACCIOLI ANDREA;SUD;Faccioli;Andrea;a.faccioli@monacelliitaly.it
121;ALBINO SIMONE;NORD;Albino;Simone;s.albino@monacelliitaly.it
126;NICODEMO OSCAR;NORD;Nicodemo;Oscar;o.nicodemo@monacelliitaly.it
127;CRISCIO FORTUNATO;SUD;Criscio;Fortunato;f.criscio@monacelliitaly.it
128;EPIFORI LUCIANO;CENTRO;Epifori;Luciano;l.epifori@monacelliitaly.it
129;MACCHIARULO ANNALISA;SUD;Macchiarulo;Annalisa;a.macchiarulo@monacelliitaly.it
130;DE SARNO LORENZO;CENTRO;De Sarno;Lorenzo;l.desarno@monacelliitaly.it
132;LA COGNATA AURELIO;SUD;La Cognata;Aurelio;a.lacognata@monacelliitaly.it
143;GALLI MORIS;NORD;Galli;Moris;m.galli@monacelliitaly.it
144;TESCONI DIEGO;CENTRO;Tesconi;Diego;d.tesconi@monacelliitaly.it
151;DIPACE GIANCARLO;SUD;Dipace;Giancarlo;g.dipace@monacelliitaly.it
155;GIAMBUZZI ANTONIO;SUD;Giambuzzi;Antonio;a.giambuzzi@monacelliitaly.it
156;ALEOMAX SAS di Zanchetta M. & C.;NORD;Zanchetta;M.;m.zanchetta@monacelliitaly.it
905;BINI LEONARDO;CENTRO;Bini;Leonardo;l.bini@monacelliitaly.it
99;MONACELLI ITALY S.R.L. - Soc. Unipersonale;CENTRO;Monacelli Italy;;monacelliitaly@monacelliitaly.it
907;FALOSSI ALESSANDRA;CENTRO;Falossi;Alessandra;a.falossi@monacelliitaly.it
908;FINA MASSIMILIANO;SUD;Fina;Massimiliano;m.fina@monacelliitaly.it
