codice;nome;prov;hm2i
3649;A & A SNC di Dalmasso Adele & C.;VC;Galli
776;A & G ISTITUTO DI BELLEZZA SRL;RM;Macchiarulo
3459;AB PARRUCCHIERI SRL;FC;Faccioli
729;ACCONCIATURE NINI' SNC di Gambini A. & Fioroni L.;VR;Vettorato
13;ACCONCIATURE ROSARIO SAS di Scalzo Fabiana & C.;CO;Galli
3725;AGOSTA DANIELE;RG;Castellani
3171;AGOSTINONE MANUELA;PE;Giambuzzi
3712;AIELLO LUISIANA;CT;Castellani
3647;AKRIS SAS di Alma Paloka & C.;LU;De Sarno
657;ALESSIO HAIR FASHION SNC di Allegrini Alessio & C.;VR;Vettorato
19;AMBROSIN DONATELLA;VE;Nicodemo
3680;AMETISTA SNC di Colombo M., Fortunato T. & Rota A.;BG;Galli
3575;ANGELUCCI ALESSANDRO;RE;Criscio
3605;ANTHEA SNC di Canci Francesca & C.;LU;De Sarno
3657;ARIA SALON SNC di Lombardo Vincenzo & C.;MI;Galli
3711;ARMONIA E STILE DI SMIROLDO SRL;ME;Castellani
3630;BABBONI BRIGITTE;LU;De Sarno
2886;BABILLAGE DI CIFARELLI ANNA SRL;BA;Dipace
3373;BARBER'N'ROLL SNC di Azzolini M. e Vitali S.;MO;Criscio
1017;BARUFFI ROBERTA;PU;Faccioli
3675;BATTIPAGLIA ORSOLA - G.ELLE.G.;MB;Galli
3599;BATTISTI ANTONIO;LT;Macchiarulo
3693;BB LUX SRL;VI;Zanchetta
3734;BEARD BROTHER'S SRL;IM;Tesconi
3737;BEAUTY DAY SRL Unipersonale;SR;La Cognata
3451;BELLO & BELLA SAS di De Col Giulia & C.;BL;Zanchetta
61;BELLOBURZO CARMELA;TN;Albino
3178;BELVISI GIUSEPPE;BZ;Faccioli
72;BENEDETTI NADIA;BZ;Faccioli
3590;BERNAVA ANTONIO;PR;Criscio
81;BEVILACQUA BARBARA;CH;Giambuzzi
3544;BIANCO DAVIDE;PN;Zanchetta
83;BICCIATO GIORGIA;RO;Zanchetta
3200;BIONDO & NERO CONSULENZA E BELLEZZA SRL S.;RM;Macchiarulo
734;BIRGA PARRUCCHIERI SNC di Birga Fabio e Filippo;PI;Tesconi
3695;BISICCHIA MARIA CONCETTA;CT;Bini
3688;BIZZOCA LAURA;BT;Dipace
3573;BLISS STUDIO SNC di Neli Lorena e Maset Camilla;TV;Zanchetta
3622;BOSISIO ALESSIA;CO;Galli
97;BOVI GRAZIELLA;VR;Vettorato
3475;BUSTO LUIGIA;BT;Dipace
105;BUZZO POZ DEBORA;BL;Zanchetta
3652;BY ROMAN & GIRLS SNC di Brodetto E. e Verga G.;FI;Epifori
3696;BY STEAND SNC di Filippi Andrea e Lavoratori Stefano & C;LI;De Sarno
999;CANDELARI CLAUDIO;SP;Tesconi
112;CAPELVENERE SAS di Pinzaglia Stefania & C.;PO;Tesconi
736;CAPORRELLA LEO;VE;Nicodemo
117;CAPPIELLO GIANCARLO;TN;Albino
792;CARLINI NADIA;PG;Castellani
3730;CARUSO GIUSEPPE;CT;Fina
670;CASADEI GENNY;PU;Faccioli
3694;CATANIA CARMEN;CT;Bini
887;CATTARINI MATTEO;TN;Albino
3676;CAVALLO STEFANO;FR;Macchiarulo
3470;CAVINATO MATTIA;VE;Zanchetta
129;CERCOLANI LUCIA;AN;Faccioli
3194;CERESOLI BRUNA;BG;Galli
133;CHIOGNA GIOVANNA;TN;Albino
137;CIATTI COSETTA;TN;Albino
3554;CICIRIELLO FILOMENA;RE;Criscio
143;CIOGLI NOEMI;RI;Macchiarulo
3478;CIRINEI SIMONE;LI;De Sarno
3208;CLAUDIO PIERGROSSI & C. SNC;PG;Castellani
925;COIFFEUR RENATO SNC di Landi Claudio e Fini Valerio;FI;Tesconi
3708;COLOMBO SRL;TO;Tesconi
673;CORRADO EQUIPE PARRUCCHIERI SRL S.;VI;Faccioli
3577;CORTI HAIR DIFFUSION SNC di Corti Iaures & C.;RE;Criscio
3463;CREATIVE PLATFORM SRL;FI;Tesconi
3347;D & D SNC di De Biase Giuseppe & C.;BA;Dipace
675;D'ANTONIO IOLANDA;RN;Faccioli
738;DA MO.DA. SNC di Beltrami Monica & Pacenza Daniela;MO;Criscio
164;DAL SANTO GIOVANNA;TV;Faccioli
951;DAURU PAOLA;PI;Tesconi
3409;DAVIDEQUIPE HAIR STYLE SNC di Martuzzi D. e Tedioli C.;RA;Faccioli
181;DE MARCO CAROLINA;CO;Galli
177;DEL GIUDICE LUCIA;MS;Tesconi
1092;DELLA VALLE GIULIA;AN;Faccioli
3723;DERVISHI STELINA;GE;Tesconi
3626;DURO ANILA;TV;Zanchetta
996;DUVINA ANDREA;SP;Tesconi
145;E' MODA SNC di Cinzia e Nunzio Pardo;MI;Galli
3628;EGO PARRUCCHIERI SRL S.;CH;Giambuzzi
3326;ELENA HAIR SNC di Barbierato Elena & C.;BZ;Faccioli
949;ELENA TEAM SAS di Brace Veriol & C.;TN;Albino
3683;ELFA SRL;RN;Faccioli
3707;ELIA ROBERTA;MO;Criscio
3367;EMANUELA RONCI HAIR STUDIO SAS;VA;Galli
3350;ESPRESSIONE DI TE SRL;SM;Faccioli
3638;ESTRO' 3.0 PARRUCCHIERI SNC di Padovano A. e S.;MO;Criscio
681;EVANGELISTA GIUSEPPINA;BA;Dipace
3454;EVERY TIME PARRUCCHIERI SNC di Sgaravatto V. e Ossi G.;FE;Criscio
1006;EXTRO' SAS di Adorante Fabio & C.;MC;Castellani
3445;F.LLI DINARDO SAS di Dinardo Raffaele & C.;BT;Dipace
924;FABRIZIO I PARRUCCHIERI SAS di Frigerio Fabrizio & C.;CO;Galli
210;FABRIZIO PARRUCCHIERE SAS di Tranquillo F.& C.;BL;Zanchetta
3170;FEICHTER MARION;BZ;Faccioli
3284;FINAZZI FABIO;BG;Galli
229;FLORIELLO DOMENICO;BR;Dipace
232;FOR YOU SAS di Poloniato Claudia & C.;TV;Zanchetta
3706;FRATTINI CATERINA;VA;Galli
3645;FREESTYLE SAS di Raiconi Francesca;FI;Epifori
240;FUORI DI TESTA DI ORAZI SRL Soc. Unipersonale;PU;Faccioli
3195;GALLUCCI LOREDANA;RM;Macchiarulo
248;GAMMINO GIUSEPPINA;MI;Galli
256;GATE ONE SNC di Cappelletto Ezio & De Benetti M.;TV;Zanchetta
3517;GATTERER PETRA;BZ;Faccioli
260;GIAMBUZZI PATRIZIA;CH;Giambuzzi
766;GIANNI PIU' SAS di Bernardi Gianni & C.;MO;Criscio
3632;GIANNINI ANDREANA;LU;Tesconi
930;GIANNINI CRISTIAN;MC;Giambuzzi
3561;GIANNINI NICOLA;MC;Giambuzzi
261;GILARDI FABIO;RM;Macchiarulo
3557;GIOIA COSIMO;BR;Dipace
266;GIORI MARISA;TN;Albino
3299;GIOVANELLI BARBARA;TN;Albino
3594;GM PARRUCCHIERI SNC;PG;Castellani
1019;GOSETTI KATIA;TN;Albino
3726;GRAMMATICO ANTONINO SRL;TP;Faccioli
3624;GREASE SNC di Scartabelli Michela e Nicoliello Elisa;PT;Tesconi
278;GRIFF SNC di Scatto Massimo & C.;VE;Zanchetta
3671;GRIMAUDO SALVATORE;CO;Galli
3420;GUERRA KATIA;BO;Criscio
62;HAIR BEAUTY SNC di Simoncelli Fabio & C.;PU;Faccioli
437;HAIR STUDIO LORY SAS di Da Prato Loredana & C.;LU;De Sarno
288;HYPER & HYPER HAIRDESIGNERS SNC di S.E. e G.R.;TV;Zanchetta
3643;I PECCHIA SNC di Pecchia Mauro e Paolo;MI;Galli
289;IDENTITY SRL;VR;Vettorato
3546;IL BORGO D'ORO SAGL;EE;Galli
3232;IMPERIUM SAS di Gasbarri Assunta & C.;CH;Giambuzzi
150;INPHINITY CONSULENTI DI BELLEZZA SNC di Danesi L.& Arcuri G.;VA;Galli
3724;INTRECCIO DI MUSLIJA ADELJINA;CR;Albino
3601;ITALIAN LOOK FLORENCE SAS di Pesci Alessandro;FI;Epifori
3710;IULA'S PARRUCCHIERI SNC di Iula Vincenzo e Cristina;AR;Epifori
3406;IVANA MARTINO SRL S.;CH;Giambuzzi
296;IVORY SNC di Gasparrini Simonetta & C.;AN;Castellani
3733;JENNY'S HAIR STUDIO S.S.;VE;Nicodemo
298;JESSICA BY LEONI SRL;SO;Galli
3700;JO STYLE SRL S.;ME;Bini
3411;JUST B SNC di Brama & C.;RE;Criscio
692;KARMA SRL;SO;Galli
3559;KONKE SRL;PG;Monacelli Italy
309;L'EQUIPE SNC di Arnaboldi N., Marelli P. e V.;CO;Galli
3479;LA CRINIQUE SRL;PT;Tesconi
844;LA SELVA ALESSANDRO;CH;Giambuzzi
3539;LAMIAMATA SRL S.;LT;Macchiarulo
694;LAMU' SRL S.;RM;Macchiarulo
813;LANCIOTTI GIULIANA;MC;Giambuzzi
764;LAZZARI ANNA MARIA;RN;Faccioli
3641;LE BLANC SNC di Paoli Silvia & Lavetti Naomi;PT;Epifori
916;LEO PIETRO;PU;Faccioli
3353;LESAMIES SNC di Deliallisi Danjela e Prosdocimo Sara;TV;Zanchetta
3729;LIFESTYLE SNC di Pulvirenti Giovanni e Federico;CT;Fina
312;LIPONA ROBERTO;SP;Tesconi
748;LONARDI LAURA;VR;Vettorato
697;LORUSSO BENEDETTA;BA;Dipace
3598;LUCA BICHI & C. SAS;AR;Epifori
3524;LUCIANI ELEONORA;VT;Macchiarulo
327;M.A.D. STUDIO SNC di Bertollini Marco e Alessio;RM;Macchiarulo
3714;MAIURE LARA;CT;Castellani
832;MAMA S.R.L. S.;BA;Dipace
3471;MANDIS ELISABETTA;CA;Tesconi
1013;MANFREDI NICOLETTA;AN;Faccioli
3686;MANILA PARRUCCHIERI UNISEX SNC di Monchi Manila & C.;PO;Tesconi
3382;MARINA.BEAUTY STUDIO SRL;VA;Galli
3698;MARIOLINA E SAMUELA HAIR SRL;PT;Tesconi
3660;MARRUCCI ROBERTA;PI;Epifori
3331;MASSIMO REMASCHI SRL;PT;Tesconi
3157;MAXANDRA SRL;PN;Nicodemo
3537;MEMOLA MASSIMILIANO;BA;Dipace
3526;MENGALI KATIA;VR;Vettorato
354;MICELI GIOVANNI;RM;Macchiarulo
357;MIRO' SNC di Carlino Roberta & C.;PN;Nicodemo
3220;MODA IN TESTA SNC di Calzolari Sauro & C.;PU;Castellani
3715;MODAREA SRL;CT;Castellani
750;MODONESI ELENA;FE;Criscio
366;MOMENTE' MARIKA;VE;Nicodemo
3682;MONTERISI ALESSIA;BT;Dipace
368;MONTEVECCHI MARCO;VR;Vettorato
889;MOOD CONSULENTI DI BELLEZZA SNC di Bottaro A. e Mattiazzo C.;TV;Zanchetta
3702;MOOD HAIR CONCEPT SNC di Comes Rocco e Francescopaolo;BA;Dipace
3374;MORETTI CAROLINA;BA;Dipace
3627;MORETTINI JESSICA;BG;Galli
800;MORLACCO ALESSANDRO;MC;Giambuzzi
704;MURRI FRANCESCO;BR;Dipace
3705;NALESSO SOFIA;PD;Zanchetta
912;NAPOLETANO SABRINA;PE;Giambuzzi
3704;NARDI SAURO;FI;Epifori
3426;NATURA SRL;BO;Faccioli
376;NATURAL BEAUTY PARRUCCHIERI SRL;MO;Criscio
491;NIMA SAS di Raimondo Rasseni;RM;Macchiarulo
389;NOI IDEA SAS di Grattoni Alfeo & C.;UD;Nicodemo
994;OLIVATI MARTA;VR;Vettorato
3656;OLIVIERI PAOLA;LU;De Sarno
393;OREZZI EMANUELE;CO;Galli
3670;PADOAN MARIKA;TV;Zanchetta
397;PADOVESE SABINA;VE;Nicodemo
403;PAOLA E GIO' PARRUCCHIERI SNC di Di Credico P. & G.;CH;Giambuzzi
3593;PAOLA PROFESSIONE CAPELLI SRL;VE;Zanchetta
198;PARRUCCHIERE DOPPIA IMMAGINE SNC di L.C. & P.S.;PD;Zanchetta
3606;PARRUCCHIERE MARIO SNC di Marroncini Tommaso & C.;FI;Epifori
3418;PARRUCCHIERI CHIAROSCURO SNC di Gargiulo Annalisa e Claudia;BO;Criscio
3397;PARRUCCHIERI VALENTI MIRCO & C. SNC;PG;Castellani
811;PARTICOLARE PARRUCCHIERI SRL S.;FM;Castellani
761;PELLIZZARI ELISA;UD;Nicodemo
3174;PETRUCCI VINCENZINO;TE;Giambuzzi
422;PEZZO DANIELE;VR;Vettorato
835;PICA SARA;CH;Giambuzzi
3211;PICCINI MICHELA;PG;Castellani
427;PIGOLOTTI GIANCARLO;AR;Castellani
431;PIZZININI SABINE;BZ;Faccioli
3697;PORCO ANNA CONCETTA;RM;Macchiarulo
3440;PREKAJ GABRIELLA;PN;Nicodemo
3625;PRESTIGE PARRUCCHIERI SRL S.;FR;Macchiarulo
3703;PRODUCA SRL;MI;Galli
3180;PUCCI HAIR SPACE SAS di Pucci Manuela & C.;PI;Tesconi
445;RAGAZZO MAURO;VE;Zanchetta
3690;RAVAROTTO FRANCESCA;RE;Criscio
456;RESTYLING MODA CAPELLI SAS di Chiarparin Monica & C.;UD;Nicodemo
459;RICCI E CAPRICCI SNC di Boletti Cinzia & C.;BS;Vettorato
462;RIZZO SANDRA;PD;Zanchetta
464;ROBUSTELLI ANTONIO;SO;Vettorato
467;ROMEO MARIA;IM;Galli
468;RONCHETTA ALESSANDRO;VC;Galli
3591;ROSSI GIOVANNI;VR;Vettorato
3727;RUSSO LETIZIA;CT;Fina
336;SABBATINI SAS di Sabbatini Luca e Maggie;MS;Tesconi
385;SCAGLIONE NICOLA;RM;Macchiarulo
3721;SCALACCI NATALIA;SI;Tesconi
498;SCALET NICOLETTA;TN;Albino
3427;SCAMARCIA ALESSANDRO;EE;Galli
3472;SCHIAVONE ANTONIO;CE;Giambuzzi
3709;SCULTURE SRL di Cerra Giovanna e Laura;MI;Galli
928;SEBASTIAN DIEGO SAS DI P. D. & C.;PD;Zanchetta
505;SERRA DANIELE;MS;Tesconi
3523;SIMOAN SRL S.;RM;Macchiarulo
3713;SKANA ELIDA;PI;Falossi
512;SOLO PER TRE SAS di Nardin Elisabetta & C.;CO;Galli
757;SPIONE CINZIA;BT;Dipace
3728;STELLA MARIA;RG;La Cognata
555;TIERNO ANNAMARIA;RM;Macchiarulo
870;TIZIANA TEAM SRL;SP;Tesconi
3651;TONO SU TONO SNC di Morelli Federica e Farina Graziano;FI;Epifori
571;TOSATTO STEFANIA;TV;Zanchetta
3684;TRADITI DEBORAH;AR;Epifori
3493;TRICROMIA SRL S.;CH;Giambuzzi
584;TRYSTYLE SNC di Notarstefano Giuseppe & C.;RM;Macchiarulo
3279;VACCARINO MARIA ASSUNTA;ME;Monacelli Italy
1021;VALENTINO SNC di Rizzetto Valentino & C.;VE;Zanchetta
605;VALORIANI HAIRS SNC di Valoriani Leonardo & C.;FI;Epifori
3691;VANITY LOOK SRL S.;BO;Tesconi
3637;VANNUCCI VALERIO;PI;Tesconi
941;VERNIZZI CRISTIAN;MN;Albino
3132;VISINTAINER CHIARA;TN;Albino
3389;VITALINFA SRL a socio unico;PN;Nicodemo
3388;VOGUE HAIR SRL S.;RA;Faccioli
3390;WONDER HAIR BEAUTY SNC di Cannone N. e Centrone M.;BT;Dipace
3646;XENOS SAS di Voutakos Evangelos & C.;BO;Criscio
3629;XHEPA RENADA;CR;Criscio
640;ZAMPIERI STEFANO;VR;Vettorato
1001;ZIPPONE GRAZIA;BT;Dipace
